street ,city,pincode
"581 Phase 5, Udyog Vihar",New Delhi,122016
"A Gali Anjaney Tmple St, Byatarayanapura, Mysore Road",Bangalore,560026
"Vatva Station Road, Vatva",Ahemdabad,382445
"Ballygunge Place, Ballygunj",Kolkata,700019
"road:6, Balanagar",Hyderabad,500042
"42, Ground Floor, M K M Chambers, K H Road",Chennai,600034
"206 Bajson Ind Est, A Chakala, Sahar",Mumbai,400099
"Banjari, Kolar Rd, Shri Ram Plaza",Bhopal,462036
Katra Sher Singh Hall Bazar,Amritsar,143001
"Main Road, Cit Nagar East, Nandanam",Chennai,600035
"Nr. Cash-n-carry, Ellora Park",Vadodra,390023
"Rajindra Jaina Tower, Wazirpur",Delhi,110052
Basheerbagh,Andhra Pradesh,500001
Mount Road,Chennai,600002
Gandhipuram,Coimbatore,123456
Block Road Rosera,Rosera,848210
Azheekkal rd,Azheekal,690547
"ITPL Main Rd, Whitefield",Bangalore,560048
"Mahatma Gandhi Rd, Shivaji Nagar, Thane West",Thane,400602
"Krishnapur Road, Near Damoria Pull, Near Railway Station",Kishanpur,144001
